variableMetadata	name
v1	v1
v2	v2
v3	v3
v4	v4
v5	v5
v6	v6
v7	v7
v8	v8
v9	v9
v10	v10
v11	v11
v12	v12
v13	v13
v14	v14
v15	v15
v16	v16
v17	v17
v18	v18
v19	v19
v20	v20
v21	v21
v22	v22
v23	v23
v24	v24
v25	v25
v26	v26
v27	v27
v28	v28
v29	v29
v30	v30
v31	v31
v32	v32
v33	v33
v34	v34
v35	v35
v36	v36
v37	v37
v38	v38
v39	v39
v40	v40
v41	v41
v42	v42
v43	v43
v44	v44
v45	v45
v46	v46
v47	v47
v48	v48
v49	v49
v50	v50
v51	v51
v52	v52
v53	v53
v54	v54
v55	v55
v56	v56
v57	v57
v58	v58
v59	v59
v60	v60
v61	v61
v62	v62
v63	v63
v64	v64
v65	v65
v66	v66
v67	v67
v68	v68
v69	v69
v70	v70
v71	v71
v72	v72
v73	v73
v74	v74
v75	v75
v76	v76
v77	v77
v78	v78
v79	v79
v80	v80
v81	v81
v82	v82
v83	v83
v84	v84
v85	v85
v86	v86
v87	v87
v88	v88
v89	v89
v90	v90
v91	v91
v92	v92
v93	v93
v94	v94
v95	v95
v96	v96
v97	v97
v98	v98
v99	v99
v100	v100
